S001,John,Doe,Male,2000-01-01,123456789
S002,Jane,Smith,Female,2000-02-02,234567890
S003,Michael,Johnson,Male,2000-03-03,345678901
S004,Emily,Brown,Female,2000-04-04,456789012
S005,William,Williams,Male,2000-05-05,567890123
S006,Emma,Jones,Female,2000-06-06,678901234
S007,Alexander,Garcia,Male,2000-07-07,789012345
S008,Sophia,Martinez,Female,2000-08-08,890123456
S009,Daniel,Robinson,Male,2000-09-09,901234567
S010,Isabella,Clark,Female,2000-10-10,012345678
S011,Matthew,Rodriguez,Male,2000-11-11,123456789
S012,Olivia,Lewis,Female,2000-12-12,234567890
S013,James,Lee,Male,2001-01-13,345678901
S014,Amelia,Walker,Female,2001-02-14,456789012
S015,Benjamin,Hall,Male,2001-03-15,567890123
S016,Samantha,Allen,Female,2001-04-16,678901234
S017,Elijah,Young,Male,2001-05-17,789012345
S018,Elizabeth,Hernandez,Female,2001-06-18,890123456
S019,Lucas,King,Male,2001-07-19,901234567
S020,Mia,Wright,Female,2001-08-20,012345678
S021,Mason,Lopez,Male,2001-09-21,123456789
S022,Evelyn,Hill,Female,2001-10-22,234567890
S023,Logan,Scott,Male,2001-11-23,345678901
S024,Chloe,Green,Female,2001-12-24,456789012
S025,Aaron,Baker,Male,2002-01-25,567890123
S026,Grace,Adams,Female,2002-02-26,678901234
S027,Charles,Nelson,Male,2002-03-27,789012345
S028,Lily,Carter,Female,2002-04-28,890123456
S029,Connor,Morris,Male,2002-05-29,901234567
S030,Sofia,Rivera,Female,2002-06-30,012345678
S031,Owen,Collins,Male,2002-07-31,123456789
S032,Anna,Ward,Female,2002-08-01,234567890
S033,Ethan,Edwards,Male,2002-09-02,345678901
S034,Natalie,Harrison,Female,2002-10-03,456789012
S035,Thomas,Torres,Male,2002-11-04,567890123
S036,Hannah,Nguyen,Female,2002-12-05,678901234
S037,Isaac,Parker,Male,2003-01-06,789012345
S038,Victoria,Gomez,Female,2003-02-07,890123456
S039,Samuel,Cook,Male,2003-03-08,901234567
S040,Madison,Richardson,Female,2003-04-09,012345678
S041,Christopher,Bailey,Male,2003-05-10,123456789
S042,Eleanor,Ross,Female,2003-06-11,234567890
S043,Jacob,Howard,Male,2003-07-12,345678901
S044,Ava,Reyes,Female,2003-08-13,456789012
S045,Liam,Russell,Male,2003-09-14,567890123
S046,Abigail,Long,Female,2003-10-15,678901234
S047,Landon,Foster,Male,2003-11-16,789012345
S048,Zoe,Sanders,Female,2003-12-17,890123456
S049,Gabriel,Bennett,Male,2004-01-18,901234567
S050,Avery,Gray,Female,2004-02-19,012345678